1142_8441	relevant
1169_8496	relevant
1171_8526	relevant
1190_8541	relevant
1241_8553	relevant
1246_7797	relevant
1246_7803	relevant
1247_8531	relevant
1250_7792	relevant
1256_7801	relevant
1277_8512	relevant
1287_7832	relevant
1304_2603	relevant
1339_7825	relevant
1343_4873	relevant
1343_7105	relevant
1346_4762	relevant
1347_7245	relevant
1347_7949	relevant
1347_7951	relevant
1352_2888	irrelevant
1361_7949	relevant
1376_7096	relevant
1379_2982	relevant
1384_4760	relevant
1391_7098	relevant
1427_4871	relevant
1489_8002	relevant
1498_3155	relevant
1530_4995	irrelevant
1542_4998	relevant
1544_4994	relevant
1553_7531	relevant
1639_7078	relevant
1652_115	relevant
1653_115	relevant
1711_141	relevant
1714_144	relevant
1736_734	irrelevant
1765_7820	relevant
1794_3092	irrelevant
1818_3074	relevant
1915_5069	irrelevant
1939_2520	relevant
1942_2434	relevant
1949_1332	relevant
1949_5148	irrelevant
1955_7333	irrelevant
2015_4966	irrelevant
2038_5258	irrelevant
2072_7397	irrelevant
2141_7054	relevant
2192_6812	relevant
2207_6085	relevant
2220_5364	relevant
2261_6767	relevant
2269_7073	relevant
2287_7086	relevant
2303_7106	relevant
2307_7107	relevant
2314_2722	irrelevant
2325_7348	relevant
2327_7349	relevant
2333_7331	relevant
2336_7357	relevant
2390_7291	relevant
2391_7292	relevant
2392_7293	relevant
2393_7270	relevant
2396_7299	relevant
2402_6149	relevant
2403_2687	irrelevant
2408_7293	relevant
2416_2844	irrelevant
2424_7261	relevant
2431_7312	relevant
2433_7263	relevant
2433_7312	relevant
2436_7262	relevant
2436_7332	relevant
2437_7266	irrelevant
2438_7319	relevant
2444_7250	relevant
2447_7246	relevant
2454_7321	relevant
2457_7285	relevant
2469_7243	relevant
2470_7294	relevant
2477_3922	relevant
2482_7282	relevant
2497_6919	irrelevant
2499_5239	relevant
2499_7214	irrelevant
2505_7229	relevant
2507_7224	relevant
2508_7218	relevant
2508_7225	irrelevant
2510_7224	relevant
2511_7212	relevant
2512_7225	irrelevant
2513_2131	relevant
2517_7218	relevant
2541_7207	relevant
2545_7208	relevant
2552_7197	relevant
2554_7214	relevant
2556_1656	irrelevant
2567_7243	irrelevant
2595_2465	relevant
2598_2736	relevant
2626_1941	relevant
2640_6968	relevant
2654_6215	irrelevant
2659_568	relevant
2675_2432	relevant
2677_2453	irrelevant
2693_7061	relevant
2694_7060	relevant
2694_7061	relevant
2695_7063	relevant
2696_7063	relevant
2698_7059	relevant
2722_5612	relevant
2727_1859	relevant
2742_7213	relevant
2767_2158	relevant
2782_1980	relevant
2786_1988	relevant
2787_1988	relevant
2792_1973	relevant
2797_1982	relevant
2800_2353	relevant
2801_2359	relevant
2804_1982	relevant
2806_2343	relevant
2807_2381	relevant
2808_2385	relevant
2808_2386	relevant
2809_1982	relevant
2810_2348	relevant
2812_2394	relevant
2813_2344	relevant
2813_2394	relevant
2816_2339	relevant
2819_1985	relevant
2819_2336	relevant
2820_2392	relevant
2822_1987	relevant
2823_1987	relevant
2824_2364	relevant
2825_1984	relevant
2825_6368	relevant
2826_1980	relevant
2826_2339	irrelevant
2827_1982	relevant
2828_1991	relevant
2831_2332	relevant
2831_2341	irrelevant
2831_2385	relevant
2834_2385	irrelevant
2843_1995	relevant
2847_6173	irrelevant
2856_2062	relevant
2857_2335	irrelevant
2863_2045	relevant
2866_2365	relevant
2868_2324	relevant
2868_2363	relevant
2870_2039	relevant
2875_2271	relevant
2880_2357	relevant
2884_2264	relevant
2885_2112	relevant
2886_2257	relevant
2899_6083	irrelevant
2900_5066	relevant
2905_5156	relevant
2916_2224	relevant
2917_5171	relevant
2927_1922	relevant
2936_2234	irrelevant
2938_5609	irrelevant
2945_1508	relevant
2945_430	relevant
2947_1997	irrelevant
2947_2276	relevant
2947_2402	irrelevant
2948_1505	relevant
2952_1990	irrelevant
2952_1999	relevant
2956_1504	relevant
2957_7449	irrelevant
2962_1643	irrelevant
2963_1630	irrelevant
2967_1490	relevant
2969_1492	relevant
2970_2295	irrelevant
2972_1479	relevant
2972_1490	irrelevant
2975_2134	relevant
2976_2322	irrelevant
2976_4200	relevant
2977_1482	irrelevant
2977_1654	relevant
2977_6735	relevant
2978_1496	irrelevant
2979_1482	relevant
2979_7550	irrelevant
2982_2233	relevant
2982_7695	irrelevant
2986_2086	relevant
2987_2205	relevant
2987_5180	relevant
2992_1469	relevant
2999_1526	relevant
3009_2305	relevant
3011_7397	relevant
3015_2328	relevant
3016_2327	relevant
3016_7674	irrelevant
3019_4574	relevant
3021_6821	relevant
3022_7386	relevant
3024_2298	relevant
3027_2479	relevant
3028_1557	irrelevant
3029_7638	relevant
3030_1556	relevant
3037_1394	relevant
3038_1395	relevant
3040_7128	relevant
3042_2489	irrelevant
3043_1393	relevant
3043_1454	relevant
3043_5151	relevant
3044_2489	relevant
3044_2497	irrelevant
3045_2489	relevant
3047_1397	relevant
3050_2023	relevant
3054_2484	relevant
3055_2483	relevant
3057_1391	irrelevant
3058_2432	relevant
3061_2493	relevant
3062_7367	relevant
3064_7391	relevant
3065_1389	relevant
3066_2298	relevant
3067_1382	irrelevant
3067_1386	relevant
3068_2298	relevant
3069_2084	relevant
3074_5026	irrelevant
3078_2262	relevant
3080_2484	irrelevant
3082_2341	relevant
3084_5361	relevant
3086_2389	irrelevant
3087_2310	relevant
3089_4101	relevant
3091_1526	relevant
3092_2290	relevant
3094_2471	relevant
3096_1956	relevant
3096_2467	relevant
3097_1730	relevant
3097_2288	relevant
3097_2481	relevant
3098_1373	relevant
3100_2507	irrelevant
3105_2392	relevant
3106_4123	relevant
3109_1781	irrelevant
3114_1800	irrelevant
3114_2299	relevant
3117_2513	relevant
3119_2542	relevant
3122_2518	relevant
3123_2472	relevant
3124_2305	relevant
3125_2543	irrelevant
3129_2397	irrelevant
3130_2330	relevant
3131_2144	irrelevant
3131_4230	irrelevant
3133_2294	relevant
3134_2540	irrelevant
3135_1799	relevant
3136_2545	relevant
3136_4995	relevant
3138_2544	irrelevant
3139_2545	relevant
3142_2576	relevant
3143_2581	relevant
3144_2363	relevant
3145_2593	relevant
3145_4265	relevant
3147_1621	relevant
3147_2558	relevant
3150_2566	irrelevant
3152_2326	relevant
3153_2339	relevant
3154_2040	relevant
3156_2329	relevant
3156_2359	relevant
3156_2608	relevant
3156_2609	relevant
3157_2576	relevant
3158_2312	relevant
3158_2335	relevant
3160_2315	relevant
3160_2332	relevant
3161_2632	irrelevant
3162_2204	relevant
3163_2336	relevant
3165_2217	relevant
3166_2211	relevant
3166_5536	relevant
3170_2368	relevant
3170_2395	relevant
3170_2610	irrelevant
3171_2398	relevant
3175_2331	relevant
3176_2613	relevant
3176_2614	relevant
3177_2212	relevant
3178_2335	relevant
3180_2618	irrelevant
3182_4125	relevant
3190_2427	relevant
3193_2044	relevant
3195_2079	relevant
3195_2680	relevant
3197_2498	relevant
3206_2752	irrelevant
3211_1427	relevant
3215_2620	relevant
3218_1361	relevant
3221_4315	relevant
3224_2033	irrelevant
3231_4323	relevant
3235_2669	relevant
3238_1541	relevant
3241_2340	relevant
3246_2653	relevant
3248_1376	relevant
3248_4885	irrelevant
3250_2116	irrelevant
3251_4616	relevant
3255_1376	relevant
3264_2103	relevant
3267_4771	relevant
3268_2383	relevant
3270_2368	relevant
3272_1629	irrelevant
3274_7328	relevant
3275_2376	relevant
3276_1348	relevant
3276_2022	relevant
3290_5228	irrelevant
3299_1420	relevant
3302_1383	irrelevant
3303_1384	irrelevant
3304_1382	relevant
3306_1422	relevant
3310_4366	relevant
3316_1494	relevant
3321_5068	irrelevant
3333_4376	irrelevant
3335_1307	relevant
3339_1373	irrelevant
3343_4713	irrelevant
3352_1309	relevant
3367_1670	relevant
3374_2131	relevant
3376_1788	relevant
3388_4571	irrelevant
3392_4302	relevant
3393_4281	relevant
3395_4258	relevant
3396_4317	relevant
3397_4317	relevant
3406_4116	relevant
3406_4269	relevant
3410_4351	relevant
3413_4355	relevant
3417_4264	irrelevant
3418_4284	relevant
3423_4359	relevant
3428_4282	relevant
3431_2555	irrelevant
3435_1716	relevant
3438_5525	relevant
3442_4122	relevant
3442_4249	relevant
3443_4247	irrelevant
3444_4266	irrelevant
3445_6916	relevant
3449_4275	relevant
3450_4255	relevant
3454_1522	irrelevant
3456_4166	relevant
3468_4287	relevant
3469_1794	relevant
3469_4686	irrelevant
3470_4178	relevant
3503_4243	relevant
3507_1768	relevant
3516_4219	irrelevant
3516_4247	relevant
3516_4404	relevant
3526_45	relevant
3528_4152	relevant
3551_1082	relevant
3564_4797	relevant
3613_4290	relevant
3613_690	relevant
3638_715	relevant
3701_732	relevant
3719_3863	relevant
3757_2250	relevant
3960_5211	relevant
3990_1917	relevant
